surface_coating,targeting_ligand,therapeutic_payload,size_nm,surface_charge_cat,zeta_potential_mV,dose_value,gestational_day,translocation_detected_prob,placental_accumulation_prob,cytotoxicity_observed_prob,composite_score
PEG,NKGLRNK,dexamethasone,200,positive,0,10,11.0,0.05,0.985,0.0029709435,1.892029056539759
PEG,NKGLRNK,dexamethasone,200,positive,0,10,14.0,0.05,0.985,0.0029709435,1.892029056539759
PEG,NKGLRNK,dexamethasone,200,positive,0,10,14.5,0.05,0.985,0.0029709435,1.892029056539759
PEG,NKGLRNK,dexamethasone,200,positive,0,10,18.0,0.05,0.985,0.0029709435,1.892029056539759
PEG,NKGLRNK,dexamethasone,200,positive,0,10,13.0,0.05,0.985,0.0029709435,1.892029056539759
PEG,NKGLRNK,dexamethasone,200,positive,0,10,10.0,0.05,0.985,0.0029709435,1.892029056539759
PEG,NKGLRNK,dexamethasone,200,positive,0,10,12.0,0.05,0.985,0.0029709435,1.892029056539759
PEG,NKGLRNK,dexamethasone,200,positive,0,10,16.0,0.05,0.985,0.0029709435,1.892029056539759
PEG,NKGLRNK,dexamethasone,200,positive,0,10,15.0,0.05,0.985,0.0029709435,1.892029056539759
PEG,NKGLRNK,dexamethasone,200,positive,0,10,17.0,0.05,0.985,0.0029709435,1.892029056539759
PEG,NKGLRNK,dexamethasone,200,positive,0,5,14.5,0.05,0.985,0.0062910975,1.8887089025042951
PEG,NKGLRNK,dexamethasone,200,positive,0,5,12.0,0.05,0.985,0.0062910975,1.8887089025042951
PEG,NKGLRNK,dexamethasone,200,positive,0,5,16.0,0.05,0.985,0.0062910975,1.8887089025042951
PEG,NKGLRNK,dexamethasone,200,positive,0,5,11.0,0.05,0.985,0.0062910975,1.8887089025042951
PEG,NKGLRNK,dexamethasone,200,positive,0,5,14.0,0.05,0.985,0.0062910975,1.8887089025042951
PEG,NKGLRNK,dexamethasone,200,positive,0,5,18.0,0.05,0.985,0.0062910975,1.8887089025042951
PEG,NKGLRNK,dexamethasone,200,positive,0,5,10.0,0.05,0.985,0.0062910975,1.8887089025042951
PEG,NKGLRNK,dexamethasone,200,positive,0,5,15.0,0.05,0.985,0.0062910975,1.8887089025042951
PEG,NKGLRNK,dexamethasone,200,positive,0,5,13.0,0.05,0.985,0.0062910975,1.8887089025042951
PEG,NKGLRNK,dexamethasone,200,positive,0,5,17.0,0.05,0.985,0.0062910975,1.8887089025042951
PEG,NKGLRNK,anakinra,200,positive,0,10,13.0,0.05,0.98,0.0017517178,1.8832482822379097
PEG,NKGLRNK,anakinra,200,positive,0,10,12.0,0.05,0.98,0.0017517178,1.8832482822379097
PEG,NKGLRNK,anakinra,200,positive,0,10,16.0,0.05,0.98,0.0017517178,1.8832482822379097
PEG,NKGLRNK,anakinra,200,positive,0,10,18.0,0.05,0.98,0.0017517178,1.8832482822379097
PEG,NKGLRNK,anakinra,200,positive,0,10,14.0,0.05,0.98,0.0017517178,1.8832482822379097
PEG,NKGLRNK,anakinra,200,positive,0,10,14.5,0.05,0.98,0.0017517178,1.8832482822379097
PEG,NKGLRNK,anakinra,200,positive,0,10,10.0,0.05,0.98,0.0017517178,1.8832482822379097
PEG,NKGLRNK,anakinra,200,positive,0,10,17.0,0.05,0.98,0.0017517178,1.8832482822379097
PEG,NKGLRNK,anakinra,200,positive,0,10,15.0,0.05,0.98,0.0017517178,1.8832482822379097
PEG,NKGLRNK,anakinra,200,positive,0,10,11.0,0.05,0.98,0.0017517178,1.8832482822379097
PEG,RGD,dexamethasone,200,positive,0,10,18.0,0.055,0.98,0.0029709435,1.874529056539759
PEG,RGD,dexamethasone,200,positive,0,10,12.0,0.055,0.98,0.0029709435,1.874529056539759
PEG,RGD,dexamethasone,200,positive,0,10,15.0,0.055,0.98,0.0029709435,1.874529056539759
PEG,RGD,dexamethasone,200,positive,0,10,11.0,0.055,0.98,0.0029709435,1.874529056539759
PEG,RGD,dexamethasone,200,positive,0,10,17.0,0.055,0.98,0.0029709435,1.874529056539759
PEG,RGD,dexamethasone,200,positive,0,10,10.0,0.055,0.98,0.0029709435,1.874529056539759
PEG,RGD,dexamethasone,200,positive,0,10,16.0,0.055,0.98,0.0029709435,1.874529056539759
PEG,RSGVAKS,dexamethasone,200,positive,0,10,14.0,0.055,0.98,0.0029709435,1.874529056539759
PEG,RSGVAKS,dexamethasone,200,positive,0,10,10.0,0.055,0.98,0.0029709435,1.874529056539759
PEG,RSGVAKS,dexamethasone,200,positive,0,10,17.0,0.055,0.98,0.0029709435,1.874529056539759
PEG,RSGVAKS,dexamethasone,200,positive,0,10,13.0,0.055,0.98,0.0029709435,1.874529056539759
PEG,RGD,dexamethasone,200,positive,0,10,14.0,0.055,0.98,0.0029709435,1.874529056539759
PEG,RSGVAKS,dexamethasone,200,positive,0,10,14.5,0.055,0.98,0.0029709435,1.874529056539759
PEG,RSGVAKS,dexamethasone,200,positive,0,10,15.0,0.055,0.98,0.0029709435,1.874529056539759
PEG,RSGVAKS,dexamethasone,200,positive,0,10,16.0,0.055,0.98,0.0029709435,1.874529056539759
PEG,RSGVAKS,dexamethasone,200,positive,0,10,12.0,0.055,0.98,0.0029709435,1.874529056539759
PEG,RSGVAKS,dexamethasone,200,positive,0,10,18.0,0.055,0.98,0.0029709435,1.874529056539759
PEG,RGD,dexamethasone,200,positive,0,10,13.0,0.055,0.98,0.0029709435,1.874529056539759
PEG,RSGVAKS,dexamethasone,200,positive,0,10,11.0,0.055,0.98,0.0029709435,1.874529056539759
PEG,RGD,dexamethasone,200,positive,0,10,14.5,0.055,0.98,0.0029709435,1.874529056539759
PEG,transferrin,none,200,positive,0,10,14.0,0.075,0.995,0.003530826,1.8739691740460693
PEG,transferrin,none,200,positive,0,10,13.0,0.075,0.995,0.003530826,1.8739691740460693
PEG,peptide,none,200,positive,0,10,13.0,0.075,0.995,0.003530826,1.8739691740460693
PEG,transferrin,none,200,positive,0,10,12.0,0.075,0.995,0.003530826,1.8739691740460693
PEG,peptide,none,200,positive,0,10,17.0,0.075,0.995,0.003530826,1.8739691740460693
PEG,peptide,none,200,positive,0,10,12.0,0.075,0.995,0.003530826,1.8739691740460693
PEG,none,none,200,positive,0,10,15.0,0.075,0.995,0.003530826,1.8739691740460693
PEG,transferrin,none,200,positive,0,10,16.0,0.075,0.995,0.003530826,1.8739691740460693
PEG,none,none,200,positive,0,10,10.0,0.075,0.995,0.003530826,1.8739691740460693
PEG,transferrin,none,200,positive,0,10,14.5,0.075,0.995,0.003530826,1.8739691740460693
PEG,transferrin,none,200,positive,0,10,15.0,0.075,0.995,0.003530826,1.8739691740460693
PEG,peptide,none,200,positive,0,10,14.0,0.075,0.995,0.003530826,1.8739691740460693
PEG,none,none,200,positive,0,10,14.5,0.075,0.995,0.003530826,1.8739691740460693
PEG,none,none,200,positive,0,10,11.0,0.075,0.995,0.003530826,1.8739691740460693
PEG,none,none,200,positive,0,10,14.0,0.075,0.995,0.003530826,1.8739691740460693
PEG,peptide,none,200,positive,0,10,14.5,0.075,0.995,0.003530826,1.8739691740460693
PEG,peptide,none,200,positive,0,10,16.0,0.075,0.995,0.003530826,1.8739691740460693
PEG,none,none,200,positive,0,10,12.0,0.075,0.995,0.003530826,1.8739691740460693
PEG,peptide,none,200,positive,0,10,15.0,0.075,0.995,0.003530826,1.8739691740460693
PEG,transferrin,none,200,positive,0,10,17.0,0.075,0.995,0.003530826,1.8739691740460693
PEG,none,none,200,positive,0,10,13.0,0.075,0.995,0.003530826,1.8739691740460693
PEG,transferrin,none,200,positive,0,10,18.0,0.075,0.995,0.003530826,1.8739691740460693
PEG,none,none,200,positive,0,10,16.0,0.075,0.995,0.003530826,1.8739691740460693
PEG,iRGD,none,200,positive,0,10,16.0,0.075,0.995,0.003530826,1.8739691740460693
PEG,iRGD,none,200,positive,0,10,14.5,0.075,0.995,0.003530826,1.8739691740460693
PEG,iRGD,none,200,positive,0,10,14.0,0.075,0.995,0.003530826,1.8739691740460693
PEG,peptide,none,200,positive,0,10,10.0,0.075,0.995,0.003530826,1.8739691740460693
PEG,iRGD,none,200,positive,0,10,18.0,0.075,0.995,0.003530826,1.8739691740460693
PEG,transferrin,none,200,positive,0,10,10.0,0.075,0.995,0.003530826,1.8739691740460693
PEG,iRGD,none,200,positive,0,10,13.0,0.075,0.995,0.003530826,1.8739691740460693
PEG,none,none,200,positive,0,10,17.0,0.075,0.995,0.003530826,1.8739691740460693
PEG,peptide,none,200,positive,0,10,11.0,0.075,0.995,0.003530826,1.8739691740460693
PEG,iRGD,none,200,positive,0,10,10.0,0.075,0.995,0.003530826,1.8739691740460693
PEG,none,none,200,positive,0,10,18.0,0.075,0.995,0.003530826,1.8739691740460693
PEG,transferrin,none,200,positive,0,10,11.0,0.075,0.995,0.003530826,1.8739691740460693
PEG,iRGD,none,200,positive,0,10,15.0,0.075,0.995,0.003530826,1.8739691740460693
PEG,iRGD,none,200,positive,0,10,11.0,0.075,0.995,0.003530826,1.8739691740460693
PEG,iRGD,none,200,positive,0,10,17.0,0.075,0.995,0.003530826,1.8739691740460693
PEG,iRGD,none,200,positive,0,10,12.0,0.075,0.995,0.003530826,1.8739691740460693
PEG,peptide,none,200,positive,0,10,18.0,0.075,0.995,0.003530826,1.8739691740460693
PEG,NKGLRNK,anakinra,200,positive,0,5,14.0,0.055,0.98,0.003714412,1.8737855880148708
PEG,NKGLRNK,anakinra,200,positive,0,5,13.0,0.055,0.98,0.003714412,1.8737855880148708
PEG,NKGLRNK,anakinra,200,positive,0,5,18.0,0.055,0.98,0.003714412,1.8737855880148708
PEG,NKGLRNK,anakinra,200,positive,0,5,11.0,0.055,0.98,0.003714412,1.8737855880148708
PEG,NKGLRNK,anakinra,200,positive,0,5,14.5,0.055,0.98,0.003714412,1.8737855880148708
PEG,NKGLRNK,anakinra,200,positive,0,5,16.0,0.055,0.98,0.003714412,1.8737855880148708
PEG,NKGLRNK,anakinra,200,positive,0,5,12.0,0.055,0.98,0.003714412,1.8737855880148708
PEG,NKGLRNK,anakinra,200,positive,0,5,17.0,0.055,0.98,0.003714412,1.8737855880148708
PEG,NKGLRNK,anakinra,200,positive,0,5,10.0,0.055,0.98,0.003714412,1.8737855880148708
PEG,NKGLRNK,anakinra,200,positive,0,5,15.0,0.055,0.98,0.003714412,1.8737855880148708
