surface_coating,targeting_ligand,therapeutic_payload,size_nm,surface_charge_cat,zeta_potential_mV,dose_value,placental_accumulation_prob,translocation_detected_prob,cytotoxicity_observed_prob,score
PEG,RGD,anakinra,15,neutral,0,0.5,1.0,0.023333333333333334,0.013333333333333334,1.9516666666666667
PEG,NKGLRNK,anakinra,15,neutral,0,0.5,1.0,0.023333333333333334,0.013333333333333334,1.9516666666666667
PEG,RSGVAKS,anakinra,15,neutral,0,0.5,1.0,0.023333333333333334,0.013333333333333334,1.9516666666666667
PEG,NKGLRNK,anakinra,10,neutral,0,0.5,1.0,0.02666666666666667,0.013333333333333334,1.9466666666666665
PEG,RGD,anakinra,10,neutral,0,0.5,1.0,0.02666666666666667,0.013333333333333334,1.9466666666666665
PEG,RSGVAKS,anakinra,10,neutral,0,0.5,1.0,0.02666666666666667,0.013333333333333334,1.9466666666666665
PEG,CGKRK,anakinra,15,neutral,0,0.5,1.0,0.03666666666666667,0.013333333333333334,1.9316666666666666
PEG,NKGLRNK,dexamethasone,15,neutral,0,0.5,1.0,0.02666666666666667,0.03,1.93
PEG,RSGVAKS,dexamethasone,15,neutral,0,0.5,1.0,0.02666666666666667,0.03,1.93
PEG,RGD,dexamethasone,15,neutral,0,0.5,1.0,0.02666666666666667,0.03,1.93
PEG,NKGLRNK,anakinra,20,neutral,0,0.5,0.9966666666666667,0.03,0.02,1.9283333333333335
PEG,RSGVAKS,anakinra,20,neutral,0,0.5,0.9966666666666667,0.03,0.02,1.9283333333333335
PEG,RGD,anakinra,20,neutral,0,0.5,0.9966666666666667,0.03,0.02,1.9283333333333335
PEG,RSGVAKS,curcumin,15,neutral,0,0.5,1.0,0.03,0.02666666666666667,1.9283333333333335
PEG,NKGLRNK,curcumin,15,neutral,0,0.5,1.0,0.03,0.02666666666666667,1.9283333333333335
PEG,RGD,curcumin,15,neutral,0,0.5,1.0,0.03,0.02666666666666667,1.9283333333333335
PEG,CGKRK,anakinra,10,neutral,0,0.5,1.0,0.04,0.013333333333333334,1.9266666666666665
PEG,RSGVAKS,dexamethasone,10,neutral,0,0.5,1.0,0.03,0.03,1.925
PEG,NKGLRNK,dexamethasone,10,neutral,0,0.5,1.0,0.03,0.03,1.925
PEG,RGD,dexamethasone,10,neutral,0,0.5,1.0,0.03,0.03,1.925
PEG,NKGLRNK,curcumin,10,neutral,0,0.5,1.0,0.03333333333333333,0.02666666666666667,1.9233333333333333
PEG,RSGVAKS,curcumin,10,neutral,0,0.5,1.0,0.03333333333333333,0.02666666666666667,1.9233333333333333
PEG,RGD,curcumin,10,neutral,0,0.5,1.0,0.03333333333333333,0.02666666666666667,1.9233333333333333
PEG,RSGVAKS,anakinra,15,neutral,0,1.0,1.0,0.03666666666666667,0.023333333333333334,1.9216666666666666
PEG,RGD,anakinra,15,neutral,0,1.0,1.0,0.03666666666666667,0.023333333333333334,1.9216666666666666
PEG,NKGLRNK,anakinra,15,neutral,0,1.0,1.0,0.03666666666666667,0.023333333333333334,1.9216666666666666
PEG,RSGVAKS,anakinra,10,neutral,0,1.0,1.0,0.04,0.023333333333333334,1.9166666666666665
PEG,NKGLRNK,anakinra,10,neutral,0,1.0,1.0,0.04,0.023333333333333334,1.9166666666666665
PEG,RGD,anakinra,10,neutral,0,1.0,1.0,0.04,0.023333333333333334,1.9166666666666665
PEG,CGKRK,anakinra,20,neutral,0,0.5,0.9966666666666667,0.043333333333333335,0.02,1.9083333333333334
PEG,RSGVAKS,anakinra,5,neutral,0,0.5,0.9933333333333333,0.043333333333333335,0.013333333333333334,1.9083333333333332
PEG,NKGLRNK,anakinra,5,neutral,0,0.5,0.9933333333333333,0.043333333333333335,0.013333333333333334,1.9083333333333332
PEG,RGD,anakinra,5,neutral,0,0.5,0.9933333333333333,0.043333333333333335,0.013333333333333334,1.9083333333333332
PEG,NKGLRNK,dexamethasone,20,neutral,0,0.5,0.9966666666666667,0.03333333333333333,0.03666666666666667,1.9066666666666667
PEG,RSGVAKS,dexamethasone,20,neutral,0,0.5,0.9966666666666667,0.03333333333333333,0.03666666666666667,1.9066666666666667
PEG,RGD,dexamethasone,20,neutral,0,0.5,0.9966666666666667,0.03333333333333333,0.03666666666666667,1.9066666666666667
PEG,RGD,dexamethasone,15,neutral,0,1.0,1.0,0.03666666666666667,0.04,1.905
PEG,NKGLRNK,dexamethasone,15,neutral,0,1.0,1.0,0.03666666666666667,0.04,1.905
PEG,RGD,curcumin,20,neutral,0,0.5,0.9966666666666667,0.03666666666666667,0.03333333333333333,1.905
PEG,CGKRK,dexamethasone,15,neutral,0,0.5,1.0,0.043333333333333335,0.03,1.905
PEG,RSGVAKS,dexamethasone,15,neutral,0,1.0,1.0,0.03666666666666667,0.04,1.905
PEG,CGKRK,anakinra,15,neutral,0,1.0,1.0,0.05,0.02,1.905
PEG,RSGVAKS,curcumin,20,neutral,0,0.5,0.9966666666666667,0.03666666666666667,0.03333333333333333,1.905
PEG,NKGLRNK,curcumin,20,neutral,0,0.5,0.9966666666666667,0.03666666666666667,0.03333333333333333,1.905
PEG,RGD,curcumin,15,neutral,0,1.0,1.0,0.04,0.03666666666666667,1.9033333333333333
PEG,RSGVAKS,curcumin,15,neutral,0,1.0,1.0,0.04,0.03666666666666667,1.9033333333333333
PEG,NKGLRNK,curcumin,15,neutral,0,1.0,1.0,0.04,0.03666666666666667,1.9033333333333333
PEG,CGKRK,curcumin,15,neutral,0,0.5,1.0,0.04666666666666667,0.02666666666666667,1.9033333333333333
PEG,NKGLRNK,anakinra,25,neutral,0,0.5,0.9966666666666667,0.043333333333333335,0.02666666666666667,1.9016666666666668
PEG,RSGVAKS,anakinra,25,neutral,0,0.5,0.9966666666666667,0.043333333333333335,0.02666666666666667,1.9016666666666668
